"Author"," - Carolina Life - Univ of SC"
"Author"," - Clemson LIFE- Clemson University"
"Author"," - College of New Jersey, The"
"Author"," - eStudentLoan"
"Author"," - Institute for Community Inclusion (ICI)"
"Author"," - LifeLink - Penn State University"
"Author"," - Mercer County Community College- DREAM Program"
"Author"," - On-Campus Outreach"
"Author"," - Pathway- UCLA Extension"
"Author"," - PERC - Postsecondary Education Research Center"
"Author"," - Transition Coalition, The"
"Author"," - Vanderbilt Kennedy Center"
"Contributor","Dwyre, Amy - TransCen, Inc"
"Author","Dwyre, Amy - TransCen, Inc"
"Reviewer","Fialka, Janice"
"Contributor","Grigal, Meg - TransCen, Inc"
"Author","Grigal, Meg - TransCen, Inc"
"Author","Harp, Bev"
"Author","Hart, Debra - Institute for Community Inclusion (ICI)"
"Author","Morningstar, Mary - Transition Coalition, The"
"Author","Richardson, Cheri"
"Author","Roach, Jerri - Worcester, MA Public Schools"
"Contributor","Smith, Becca - TransCen, Inc"
"Author","Stevens, Wallace"
"Author","Tilson, George - TransCen, Inc"
"Author","Townsend, Sharon"
